{"cameraMode":{"drawMode":0,"name":"Shaded","section":"Shading Mode"},"sceneLighting":false,"audioPlay":false,"sceneViewState":{"m_AlwaysRefresh":false,"showFog":true,"showSkybox":false,"showFlares":true,"showImageEffects":true,"showParticleSystems":true,"showVisualEffectGraphs":true,"m_FxEnabled":true},"in2DMode":false,"pivot":{"x":0.9980653524398804,"y":2.7919139862060549,"z":0.5670223236083984},"rotation":{"x":0.02923348918557167,"y":0.9681687951087952,"z":-0.20803144574165345,"w":0.13608640432357789},"size":5.314899921417236,"orthographic":false}